,brand,title,price
0,PROVOGUE,Large 35 L Laptop Backpack Vintage 15.6 inch Anti-Theft Backpack with USB Charging and Internal organiser Executive Business Office Casual Waterproof Laptop/Office/School/College/Business Bag/Travel Backpack,"₹1,099"
1,perfect leather,Medium 25 L Laptop Backpack Trendy Backpack College school Trevel Causal Laptop carrying 1680 Men Bags backpack 25 L,₹375
2,PROVOGUE,Large 35 L Laptop Backpack Spacy unisex backpack with rain cover and reflective strip,₹799
3,MTROCRAFT,Medium 30 L Laptop Backpack Walker Office Backpack,₹540
4,METRONAUT,Medium 30 L Laptop Backpack Khadi Textured Hi storage,₹474
5,MTROCRAFT,Large 40 L Laptop Backpack Walker Backapck Red,₹540
6,METRONAUT,Medium 30 L Laptop Backpack Khadi Textured Hi storage,₹474
7,Gear,Medium 27 L Backpack ECO 6 Backpack with Raincover,₹849
8,urban carrier,Large 45 L Laptop Backpack Medium 45 Liters Laptop Backpack Multicolor Grey White Laptop Backpack Unisex College & School Bags,₹549
9,RUGZAK,Large 35 L Laptop Backpack Waterproof expandable laptop bags (Black),₹472
10,PROVOGUE,Large 35 L Laptop Backpack Spacy unisex backpack with rain cover and reflective strip,₹799
11,rightchoice,Small 20 L Backpack (2235) BLACK SKY BLUE WHITE stylish tuff quality college school casual bag boy & girl,₹360
12,Arctic fox,Small 15 L Backpack Black Drawstring Bag,₹167
13,ADAMSON,"Medium 22 L Laptop Backpack Casual college, tution bag",₹299
14,PROVOGUE,Large 35 L Laptop Backpack Spacy unisex backpack with rain cover and reflective strip,₹799
15,HEROZ,Large 45 L Laptop Backpack HAMMER,"₹1,345"
16,Gearcop,Medium 30 L Laptop Backpack GRCPB0071,₹399
17,RUGZAK,Large 35 L Laptop Backpack Waterproof expandable laptop bags (Grey),₹472
18,MTROCRAFT,Medium 30 L Laptop Backpack Walker Office Backpack,₹540
19,PROVOGUE,Large 35 L Laptop Backpack Spacy unisex backpack with rain cover and reflective strip,₹756
20,NorthZone,Large 32 L Laptop Backpack orthzone Unisex 15.6 inch 25 L Casual Waterproof Laptop/Travel/Office/School/College/Business Bag/Backpack (Navy blue),₹569
21,WESLEY,Large 45 L Laptop Backpack Unisex Travel hiking laptop bag fits upto 17.3 inch with Raincover and internal organiser backpack Rucksack College bag,₹798
22,NorthZone,Medium 25 L Laptop Backpack 17 inch,₹499
23,Gear,Small 20 L Laptop Backpack PU LAPTOP BACKPACK,"₹1,123"
24,Flycraft,Medium 30 L Laptop Backpack simn.1361/2,₹499
25,Arctic fox,Small 15 L Backpack Obsidian Drawstring Bag,₹167
26,HP,15.6 L Laptop Backpack JDBAG00007,₹389
27,WROGN,Large 35 L Laptop Backpack ARC backpack Unisex with Rain Cover,"₹1,139"
28,Mi,Small 12 L Backpack Step Out 12 liters Water Repellent Backpack,₹349
29,PROVOGUE,Large 35 L Laptop Backpack Spacy unisex backpack with rain cover and reflective strip,₹799
30,NorthZone,Large 32 L Laptop Backpack orthzone Unisex 15.6 inch 25 L Casual Waterproof Laptop/Travel/Office/School/College/Business Bag/Backpack (Navy blue),₹540
31,Gear,Small 20 L Laptop Backpack CLASSIC ANTI THEFT FAUX LEATHER,"₹1,071"
32,capriff,Large 31 L Laptop Backpack navy blue backpack casual unisex school bag collage bag travel backpack bag laptop backpack bag (31 liters),₹499
33,LOUIS CARON,Large 35 L Laptop Backpack HiStorage,₹537
34,DREAMZ STYLISH,Large 35 L Laptop Backpack face -1 Spacy backpack for men & women| for school|for college boys & girls 35 L Laptop Backpack (Blue),₹464
35,LOUIS CARON,Large 35 L Laptop Backpack Pluto 15.6 inch 35 L,₹566
36,Gearcop,Medium 30 L Laptop Backpack GRCPB0071,₹399
37,PROVOGUE,Large 35 L Laptop Backpack Unisex Blue Solid Large Laptop cum Backpack-CC-1,₹616
38,urban carrier,Large 45 L Laptop Backpack Medium 45 Liters Laptop Backpack Royal Blue Laptop Backpack Unisex College & School Bags,₹549
39,Gear,Medium 28 L Laptop Backpack VINTAGE2 ANTI THEFT FAUX LEATHER,"₹1,085"
40,Addu,Large 35 L Laptop Backpack School Backpack|Office Bag|Trendy Backpack|Stylish Fashion Bag Daily Use For Men And Women|Tuition Backpack|Shoulder Backpack|Business Backpack|Work Backpack|Travel Backpack|Casual Backpack|College Backpack For Women|Waterresistant Backpack For Unisex,₹399
41,METRONAUT,Large 35 L Laptop Backpack Stylish Unisex Backpack Casual Laptop Bag-Office Bag-School Bag And College Bag-Multipurpose Backpack,₹499
42,PLAYYBAGS,Large 35 L Laptop Backpack PLAYY130,₹545
43,rightchoice,Small 20 L Backpack (2235) BLACK SKY BLUE WHITE stylish tuff quality college school casual bag boy & girl,₹360
44,Acrux,Large 35 L Laptop Backpack Troy,₹474
45,Billion,HiStorage Laptop Backpack,₹599
46,LOUIS CARON,Large 35 L Laptop Backpack HiStorage,₹537
47,Gear,Medium 27 L Backpack ECO 6 Backpack with Raincover,₹849
48,PROVOGUE,Large 35 L Laptop Backpack Spacy unisex backpack with rain cover and reflective strip,₹799
49,SKYBAGS,Large 32 L Laptop Backpack NEW NEON 13 SCHOOL BAG (H) BLUE,₹849
50,PROVOGUE,Large 40 L Laptop Backpack unisex backpack with rain cover and reflective strip,"₹1,259"
51,Isparro,Large 35 L Laptop Backpack Stylish Light Weight Backpack,₹568
52,Goldstar,Medium 28 L Laptop Backpack Medium 28 L Laptop Backpack 28 L Duralite Casual Backpack for Men Women | Laptop bagpack for Men Women | Multipurpose Daily Use Travel Bag Small Travelling Hiking Trekking Camping Sort Trips Beg | School College laptop waterproof Bags for Girls Boys | Small Travel Bag | Mini Rucksack | Gym Sports Football bags Dry Backpacks | 15.6 inch laptop backpack office men.,₹485
53,PROVOGUE,Large 35 L Laptop Backpack Spacy unisex backpack with rain cover and reflective strip,₹756
54,Wildcraft,Medium 30 L Backpack Spacy_Mel,"₹1,209"
55,PROVOGUE,Large 35 L Laptop Backpack Spacy unisex backpack with rain cover and reflective strip,₹756
56,Mi,Medium 21 L Laptop Backpack Business Casual,₹999
57,ADAMSON,"Medium 22 L Laptop Backpack Casual college, tution bag",₹299
58,Goldstar,Medium 30 L Laptop Backpack 30 L Casual Waterproof Laptop Backpack/Office Bag/School Bag/College Bag/Business Bag/Unisex Travel Backpack (RED),₹480
59,HEROZ,Large 45 L Laptop Backpack HAMMER,"₹1,345"
60,PROVOGUE,"Large 48 L Laptop Backpack Bingo -3 Compartment Premium Quality, Office/College/School Laptop Bag for upto 15.6” Laptop with internal organiser",₹899
61,urban carrier,Large 45 L Laptop Backpack Indian Army Print Stylish Office Laptop Backpack Unisex College & School Bag,₹549
62,Ransel,"Medium 30 L Laptop Backpack STYLISH-30 LTR BACKPACK LAPTOP BACKPACK FOR 15.4 INCH LAPTOP WATER PROOF BACKPACK, IDEAL FOR SCHOOL, COLLEGE, OFFICE AND TRAVEL 30 L Backpack",₹495
63,Gear,Small 20 L Laptop Backpack PU LAPTOP BACKPACK,"₹1,123"
64,NHQ FASHION,55 L Laptop Backpack 55 L Travel Backpack for Outdoor Sport Hiking Rucksuck,₹699
65,SEEBA,Medium 25 L Laptop Backpack Casual 15.6 inch Laptop Bag,₹356
66,PROVOGUE,Large 45 L Laptop Backpack JERSEY,₹944
67,WROGN,Large 35 L Laptop Backpack ARC backpack Unisex with Rain Cover,"₹1,139"
68,Pro Life,Small 20 L Backpack Poliyester School College Multipurpose,₹484
69,Gear,Medium 25 L Backpack BOMBER ECO STATEMENT 2C,₹599
70,perfect leather,Medium 25 L Laptop Backpack Trendy Backpack College school Trevel Causal Laptop carrying 1680 Men Bags backpack 25 L,₹375
71,PROVOGUE,Large 35 L Laptop Backpack Spacy unisex backpack with rain cover and reflective strip,₹799
72,YNA,Medium 30 L Laptop Backpack Smart Anti Theft Backpack Waterproof Bagpack,₹849
73,zendro,"Medium 22 L Laptop Backpack Medium 22 L Laptop Backpack stylish and tuff quality used for Casual, college and tution For- Boy's and Girl's",₹499
74,BIRJIS,Medium 21 L Laptop Backpack Backpack -k014,₹419
75,LOUIS CARON,Large 35 L Laptop Backpack Pluto 15.6 inch 35 L,₹566
76,Fast Fashion,Medium 30 L Laptop Backpack ANTI THEFT FAUX LEATHER,₹499
77,SKYBAGS,Large 32 L Backpack FIGO 01 BACKPACK SEA GREEN,₹975
78,Gear,Medium 30 L Laptop Backpack Space 4,₹689
79,Gear,Small 20 L Laptop Backpack CLASSIC ANTI THEFT FAUX LEATHER,"₹1,071"
80,PROVOGUE,Large 35 L Laptop Backpack unisex backpack with rain cover and reflective strip,₹701
81,HALLSTEIN,Large 32 L Laptop Backpack Black Red polyester 32 LTR Casual/School/College Backpack For Men & Women,₹329
82,Wildcraft,Medium 30 L Laptop Backpack Majestic_Mel,"₹1,131"
83,PROVOGUE,Large 35 L Laptop Backpack Vintage 15.6 inch Anti-Theft Backpack with USB Charging and Internal organiser Executive Business Office Casual Waterproof Laptop/Office/School/College/Business Bag/Travel Backpack,"₹1,099"
84,RUGZAK,Large 35 L Laptop Backpack Waterproof expandable laptop bags (Teal blue),₹472
85,outbox,Medium 25 L Laptop Backpack AMAZE K2 STAR BLACK 18,₹299
86,SKYBAGS,Large 31 L Backpack SB MARVEL (E) 06,"₹1,149"
87,perfect leather,Medium 25 L Laptop Backpack Trendy Backpack College school Trevel Causal Laptop carrying 1680 Men Bags backpack 25 L,₹375
88,PAZZO,Small 16 L Backpack Small Bag for Daily Use - 1 Compartment Mini Backpack,₹299
89,Wildcraft,17.5 L Laptop Backpack Knight W,₹805
90,fellow,Large 45 L Backpack Large 45L Unisex Laptop Backpack |School Bag| |College Bag||Backpack|(Purple/Grey),₹625
91,rightchoice,Small 20 L Backpack (2235) BLACK SKY BLUE WHITE stylish tuff quality college school casual bag boy & girl,₹360
92,ARISTOCRAT,Large 34 L Backpack Z6,₹890
93,Lunar,Large 35 L Backpack V Line - 3 Compartment College | School Bag,₹799
94,PROVOGUE,Large 45 L Laptop Backpack JERSEY,₹944
95,Gear,Medium 27 L Backpack ECO 6 Backpack with Raincover,₹849
96,AMERICAN TOURISTER,32.5 L Backpack Fizz Sch Bag,"₹1,175"
97,AMERICAN TOURISTER,32.5 L Backpack Fizz Sch Bag,"₹1,269"
98,Carriway,Medium 30 L Laptop Backpack Storm Buster CRW10,₹599
99,Isparro,Large 35 L Laptop Backpack Stylish Light Weight Backpack,₹568
100,Gear,Small 16 L Backpack Carry On,₹260
101,Wildcraft,Medium 30 L Laptop Backpack Seek,"₹1,091"
102,Wildcraft,Large 43 L Laptop Backpack Daredevil,"₹1,309"
103,PROVOGUE,Large 35 L Laptop Backpack Spacy unisex backpack with rain cover and reflective strip,₹756
104,GOOD FRIENDS,Medium 21 L Laptop Backpack Boy's and Girl's Tuff College School Casual Backpack Bags,₹399
105,urban carrier,Large 45 L Laptop Backpack Cord Maity MRC Premium High Quality Large 45 Laptop Backpack Large 45L Unisex Laptop Backpack Girls & Boys School Bag College Bag Medium Backpack,₹549
106,Lunar,"Large 35 L Laptop Backpack High Quality 30L Laptop Bag upto 15.6"" Laptop with Rain Cover and Internal Organiser for Office/School/College/Travel",₹849
107,HEROZ,Large 45 L Laptop Backpack HAMMER,"₹1,345"
108,SAFARI,Medium 29 L Laptop Backpack SPREEUSB 19 CASUAL BACKPACK GREY,₹959
109,MegaStar,Large 45 L Laptop Backpack Ultimate 45L Premium Quality Hi Storage Travel Laptop Backpack With IPX4 Water Resistant And Up To 17.3 Inch Laptop With Rain Cover And Internal Organiser For Office/School/College/Travel,"₹1,299"
110,SAFARI,Large 36 L Backpack Chalkboard School/College Casual,"₹1,309"
111,Gear,Small 20 L Laptop Backpack PU LAPTOP BACKPACK,"₹1,123"
112,SKYBAGS,Large 32 L Backpack NEW NEON 18 SCHOOL BAG (H) BLUE,₹829
113,SKYBAGS,Medium 30 L Laptop Backpack Campus Plus 03,"₹1,552"
114,Mi,Small 12 L Backpack Step Out 12 liters Water Repellent Backpack,₹349
115,WROGN,Large 35 L Laptop Backpack ARC backpack Unisex with Rain Cover,"₹1,139"
116,Gear,Medium 28 L Laptop Backpack VINTAGE2 ANTI THEFT FAUX LEATHER,"₹1,079"
117,MTROCRAFT,Medium 30 L Laptop Backpack MATRIX,₹449
118,PROVOGUE,"Large 48 L Laptop Backpack Bingo -3 Compartment Premium Quality, Office/College/School Laptop Bag for upto 15.6” Laptop with internal organiser",₹899
119,PROVOGUE,Large 35 L Laptop Backpack Spacy unisex backpack with rain cover and reflective strip,₹799
